{"options":{"awareOfChrome":false,"comment":null,"compat_arrayleft":false,"compat_foreach":false,"compat_forvarin":false,"compat_metadata":false,"compat_uW_gmonkey":false,"compat_wrappedjsobject":false,"compatopts_for_requires":true,"noframes":null,"override":{"excludes":false,"includes":false,"matches":false,"merge_excludes":true,"merge_includes":true,"merge_matches":true,"orig_excludes":[],"orig_includes":[],"orig_matches":["https://accounts.google.com/ServiceLoginAuth#password"],"orig_noframes":null,"orig_run_at":"document-idle","use_excludes":[],"use_includes":[],"use_matches":[]},"run_at":null,"user_agent":""},"settings":{"enabled":true,"position":13},"meta":{"name":"Gmail Password","uuid":"5d0948af-632a-46f8-843e-340e0bf9e67f","modified":1441113992764}}