{"options":{"awareOfChrome":false,"comment":null,"compat_arrayleft":false,"compat_foreach":false,"compat_forvarin":false,"compat_metadata":false,"compat_uW_gmonkey":false,"compat_wrappedjsobject":false,"compatopts_for_requires":true,"noframes":null,"override":{"excludes":false,"includes":false,"matches":false,"merge_excludes":true,"merge_includes":true,"merge_matches":true,"orig_excludes":[],"orig_includes":[],"orig_matches":["https://support.us.oracle.com/oip/faces/secure/ml3/homepage/home.jspx*"],"orig_noframes":null,"orig_run_at":"document-idle","use_excludes":[],"use_includes":[],"use_matches":[]},"run_at":null,"user_agent":""},"settings":{"enabled":true,"position":4},"meta":{"name":"Oracle_SR_Automation_Script_4","uuid":"4820c10b-23fe-4db4-bca9-9ce7204e1a11","modified":1438951838282}}