{"options":{"awareOfChrome":false,"comment":null,"compat_arrayleft":false,"compat_foreach":false,"compat_forvarin":false,"compat_metadata":false,"compat_uW_gmonkey":false,"compat_wrappedjsobject":false,"compatopts_for_requires":true,"noframes":null,"override":{"excludes":false,"includes":false,"matches":false,"merge_excludes":true,"merge_includes":true,"merge_matches":true,"orig_excludes":[],"orig_includes":[],"orig_matches":["https://accounts.google.com/ServiceLogin*"],"orig_noframes":null,"orig_run_at":"document-idle","use_excludes":[],"use_includes":[],"use_matches":[]},"run_at":null,"user_agent":""},"settings":{"enabled":true,"position":10},"meta":{"name":"Oracle_SR_Automation_Script_9","uuid":"670f0310-ea8e-4aac-b049-d0eac0b4fadc","modified":1441114218575}}